{
    "chest circumference": 81.1680800574593,
    "hip circumference": 91.08333397930046,
    "shoulder breadth": 32.84182846546173,
    "waist circumference": 66.18219374687749
}